No,Style Category,Type,Keywords,Primary Colors,Effects & Animation,Best For,Performance,Accessibility
1,Minimalism & Swiss Style,General,"clean, simple, spacious, functional, white space, high contrast, geometric, sans-serif, grid-based, essential","Monochromatic, Black #000000, White #FFFFFF","Subtle hover (200-250ms), smooth transitions, sharp shadows if any, clear type hierarchy, fast loading","Enterprise apps, dashboards, documentation sites, SaaS platforms, professional tools",Excellent,WCAG AAA
2,Neumorphism,General,"soft UI, embossed, debossed, convex, concave, light source, subtle depth, rounded (12-16px), monochromatic","Light pastels: Soft Blue #C8E0F4, Soft Pink #F5E0E8, Soft Grey #E8E8E8","Soft box-shadow (multiple: -5px -5px 15px, 5px 5px 15px), smooth press (150ms), inner subtle shadow","Health/wellness apps, meditation platforms, fitness trackers, minimal interaction UIs",Good,Low contrast
3,Glassmorphism,General,"frosted glass, transparent, blurred background, layered, vibrant background, light source, depth, multi-layer","Translucent white: rgba(255,255,255,0.1-0.3)","Backdrop blur (10-20px), subtle border (1px solid rgba white 0.2), light reflection, Z-depth","Modern SaaS, financial dashboards, high-end corporate, lifestyle apps, modal overlays, navigation",Good,Ensure 4.5:1
4,Brutalism,General,"raw, unpolished, stark, high contrast, plain text, default fonts, visible borders, asymmetric, anti-design","Primary: Red #FF0000, Blue #0000FF, Yellow #FFFF00, Black #000000, White #FFFFFF","No smooth transitions (instant), sharp corners (0px), bold typography (700+), visible grid, large blocks","Design portfolios, artistic projects, counter-culture brands, editorial/media sites, tech blogs",Excellent,WCAG AAA
5,3D & Hyperrealism,General,"depth, realistic textures, 3D models, spatial navigation, tactile, skeuomorphic elements, rich detail, immersive","Deep Navy #001F3F, Forest Green #228B22, Burgundy #800020, Gold #FFD700, Silver #C0C0C0","WebGL/Three.js 3D, realistic shadows (layers), physics lighting, parallax (3-5 layers), smooth 3D (300-400ms)","Gaming, product showcase, immersive experiences, high-end e-commerce, architectural viz, VR/AR",Poor,Not accessible
6,Vibrant & Block-based,General,"bold, energetic, playful, block layout, geometric shapes, high color contrast, duotone, modern, energetic","Neon Green #39FF14, Electric Purple #BF00FF, Vivid Pink #FF1493, Bright Cyan #00FFFF, Sunburst #FFAA00","Large sections (48px+ gaps), animated patterns, bold hover (color shift), scroll-snap, large type (32px+), 200-300ms","Startups, creative agencies, gaming, social media, youth-focused, entertainment, consumer",Good,Ensure WCAG
7,Dark Mode (OLED),General,"dark theme, low light, high contrast, deep black, midnight blue, eye-friendly, OLED, night mode, power efficient","Deep Black #000000, Dark Grey #121212, Midnight Blue #0A0E27","Minimal glow (text-shadow: 0 0 10px), dark-to-light transitions, low white emission, high readability, visible focus","Night-mode apps, coding platforms, entertainment, eye-strain prevention, OLED devices, low-light",Excellent,WCAG AAA
8,Accessible & Ethical,General,"high contrast, large text (16px+), keyboard navigation, screen reader friendly, WCAG compliant, focus state, semantic","WCAG AA/AAA (4.5:1 min), simple primary, clear secondary, high luminosity (7:1+)","Clear focus rings (3-4px), ARIA labels, skip links, responsive design, reduced motion, 44x44px touch targets","Government, healthcare, education, inclusive products, large audience, legal compliance, public",Excellent,WCAG AAA
9,Claymorphism,General,"soft 3D, chunky, playful, toy-like, bubbly, thick borders (3-4px), double shadows, rounded (16-24px)","Pastel: Soft Peach #FDBCB4, Baby Blue #ADD8E6, Mint #98FF98, Lilac #E6E6FA, light BG","Inner+outer shadows (subtle, no hard lines), soft press (200ms ease-out), fluffy elements, smooth transitions","Educational apps, children's apps, SaaS platforms, creative tools, fun-focused, onboarding, casual games",Good,Ensure 4.5:1
10,Aurora UI,General,"vibrant gradients, smooth blend, Northern Lights effect, mesh gradient, luminous, atmospheric, abstract","Complementary: Blue-Orange, Purple-Yellow, Electric Blue #0080FF, Magenta #FF1493, Cyan #00FFFF","Large flowing CSS/SVG gradients, subtle 8-12s animations, depth via color layering, smooth morph","Modern SaaS, creative agencies, branding, music platforms, lifestyle, premium products, hero sections",Good,Text contrast
11,Retro-Futurism,General,"vintage sci-fi, 80s aesthetic, neon glow, geometric patterns, CRT scanlines, pixel art, cyberpunk, synthwave","Neon Blue #0080FF, Hot Pink #FF006E, Cyan #00FFFF, Deep Black #1A1A2E, Purple #5D34D0","CRT scanlines (::before overlay), neon glow (text-shadow+box-shadow), glitch effects (skew/offset keyframes)","Gaming, entertainment, music platforms, tech brands, artistic projects, nostalgic, cyberpunk",Moderate,High contrast/strain
12,Flat Design,General,"2D, minimalist, bold colors, no shadows, clean lines, simple shapes, typography-focused, modern, icon-heavy","Solid bright: Red, Orange, Blue, Green, limited palette (4-6 max)","No gradients/shadows, simple hover (color/opacity shift), fast loading, clean transitions (150-200ms ease), minimal icons","Web apps, mobile apps, cross-platform, startup MVPs, user-friendly, SaaS, dashboards, corporate",Excellent,WCAG AAA
13,Soft UI Evolution,General,"evolved soft UI, better contrast, modern aesthetics, subtle depth, accessibility-focused, improved shadows, hybrid","Improved contrast pastels: Soft Blue #87CEEB, Soft Pink #FFB6C1, Soft Green #90EE90, better hierarchy","Improved shadows (softer than flat, clearer than neumorphism), modern (200-300ms), focus visible, WCAG AA/AAA","Modern enterprise apps, SaaS platforms, health/wellness, modern business tools, professional, hybrid",Excellent,WCAG AA+
14,Motion-Driven,General,"animation-heavy, microinteractions, smooth transitions, scroll effects, parallax, entrance anim, page transitions","Bold colors emphasize movement, high contrast animated, dynamic gradients, accent action colors","Scroll anim (Intersection Observer), hover (300-400ms), entrance, parallax (3-5 layers), page transitions","Portfolio sites, storytelling platforms, interactive experiences, entertainment apps, creative, SaaS",Good,Prefers-reduced-motion
15,Bento Box Grid,General,"bento, grid, modular, apple-style, showcase, features, dashboard, cards","Neutral #F5F5F7 or Glass. Icons: Vibrant brand colors. Text: Dark.","Hover card scale (1.02), video inside cards, tilt effect, staggered reveal","Product features, dashboards, portfolios, landing pages, app showcases",Good,WCAG AA
16,AI-Native UI,General,"ai, chat, streaming, typing, conversational, minimal chrome, context-aware, smart suggestions, ai platform","Neutral + AI Purple (#6366F1) + Cyan accents","Streaming text animation, typing indicators, fade-in suggestions, minimal UI chrome","AI products, chatbots, copilots, AI platforms, conversational UI",Good,WCAG AA
17,Cyberpunk UI,General,"cyberpunk, neon, dark, futuristic, glitch, holographic, tech, gaming, edgy","Dark #000000 + Neon accents (Cyan #00FFFF, Pink #FF00FF, Yellow #FFFF00)","Glitch effects, neon glow, scanlines, holographic overlays, cyber aesthetic","Gaming, crypto, tech brands, futuristic products, entertainment",Moderate,High contrast needed
18,Organic Biophilic,General,"organic, natural, nature, green, sustainable, wellness, calm, earth tones","Earth Green #228B22, Brown #8B4513, Sky Blue #87CEEB, Cream #FFF8DC","Soft transitions, natural curves, breathing animations, organic shapes","Wellness, sustainability, healthcare, eco-friendly brands, nature-focused",Good,WCAG AA
19,Liquid Glass,General,"liquid, glass, morphing, flowing, translucent, premium, luxury, chromatic","Vibrant iridescent (rainbow spectrum), translucent base with opacity shifts","Morphing elements (SVG/CSS), fluid animations (400-600ms curves), dynamic blur, color transitions","Premium SaaS, high-end e-commerce, creative platforms, branding experiences, luxury portfolios",Moderate-Poor,Text contrast
20,Hero-Centric Design,Landing Page,"large hero section, compelling headline, high-contrast CTA, product showcase, value proposition, hero image/video, dramatic visual","Brand primary color, white/light backgrounds for contrast, accent color for CTA","Smooth scroll reveal, fade-in animations on hero, subtle background parallax, CTA glow/pulse effect","SaaS landing pages, product launches, service landing pages, B2B platforms, tech companies",Good,WCAG AA